Model,Sampler,DecisionRule,BV_mean,BV_std,BalAcc_mean,BalAcc_std,Prec_mean,Rec_mean,F1_mean
DecisionTree,None,ThresholdOptimisedOnTrain,56252.0,2.5819888974718497,0.5,0.0,0.11265417151624564,1.0,0.20249629105595418
RandomForest,SMOTE,ThresholdOptimisedOnTrain,54534.0,5433.852633670189,0.5268173552886612,0.04855272109269113,0.12110824347133417,0.975323275862069,0.2144652756304659
RandomForest,None,ThresholdOptimisedOnTrain,44993.0,7860.793428995151,0.6540369047553278,0.06799216947516325,0.1778033296925716,0.8489224137931034,0.2906337967410541
RandomForest,None,Top30PctContacted,31165.0,2218.4666877022164,0.734692827202241,0.006573010067919599,0.2690129449838188,0.716594827586207,0.3911764705882353
RandomForest,SMOTE,Top30PctContacted,28520.5,2198.2738809246575,0.7268599983069796,0.006512606118385323,0.263794498381877,0.7026939655172414,0.3835882352941177
DecisionTree,None,Top30PctContacted,25507.0,2952.1265404977325,0.7179342302970635,0.008742598943569414,0.25784789644012945,0.6868534482758621,0.3749411764705882
